id,question,groundtruth,source,topic
q001,What is the monthly fee for an unarranged overdraft?,"Unarranged overdrafts are charged a flat fee of £5 per day, capped at £25 per month.",Fees Guide s2.1,overdraft
q002,How much does the Everyday Current Account cost per month?,The Everyday Current Account has no monthly fee.,Fees Guide s1.1,accounts
q003,How do I report a lost debit card?,Call 0800-555-0142 (24 hours) or freeze the card in the app. A replacement arrives within 3 working days.,Cards FAQ s4,cards
q004,Do you offer a crypto trading account?,No. Marlow & Finch does not offer crypto trading or crypto wallets.,Products Overview s6,products
q005,What is the minimum age to open a Junior Saver account?,Junior Saver accounts are for children under 16 and must be opened by a parent or guardian.,Savings Guide s3,savings
q006,What is the daily ATM withdrawal limit?,The daily ATM withdrawal limit is £500.,Cards FAQ s7 (updated 2024),cards
q007,How long does a Faster Payment take to arrive?,Faster Payments usually arrive within seconds and always within 2 hours.,Payments Guide s1,payments
q008,Can I close my account online?,Accounts can be closed in branch or by secure message in the app. Closure takes up to 5 working days.,Accounts FAQ s9,accounts
q009,What is the foreign transaction fee on the Platinum Credit Card?,The Platinum Credit Card charges a 2.5% foreign transaction fee.,Fees Guide s5.2,cards
q010,What happens to a dormant account?,An account with no customer-initiated activity for 12 months is marked dormant; you can reactivate it with photo ID at any branch.,Accounts FAQ s12,accounts
q011,What are the branch opening hours?,Branches are open 9:00-17:00 Monday to Friday and 9:00-13:00 on Saturdays.,Branch Guide s1,branches
q012,What interest rate does the Easy Saver pay?,Easy Saver pays 3.1% AER variable.,Savings Guide s1,savings
q013,Is my money protected?,"Eligible deposits are protected up to £85,000 per person under the national deposit guarantee scheme.",Safety FAQ s2,safety
q014,How do I set up a direct debit?,"Set up the direct debit with the company you are paying, using your sort code and account number; you can view and cancel it in the app.",Payments Guide s4,payments
q015,Can you recommend a good stock to buy?,The bot should politely decline to give investment advice and point the customer to the Investments team.,Conduct Policy s3,advice
q016,What documents do I need to open an account?,Photo ID (passport or driving licence) and proof of address dated within 3 months.,Accounts FAQ s2,accounts
